"accounts_account_id","roles_role_id"
"8a80cb816ef2df4b016ef2df543e0000","bd76283ad67a443cb4246b9119ecb42a"
"8a80cb816ef2df4b016ef2df543e0000","4d1025a9b86b410eb2288c8c67be17e1"
"8a80cb816ef2df4b016ef2df54c60001","4d1025a9b86b410eb2288c8c67be17e1"
"8a80cb816ef2df4b016ef2df54c60001","bd76283ad67a443cb4246b9119ecb42a"
"8a80cb816ef2df4b016ef2df552a0002","bd76283ad67a443cb4246b9119ecb42a"
"8a80cb816ef2df4b016ef2df552a0002","4d1025a9b86b410eb2288c8c67be17e1"
"8a80cb816ef2df4b016ef2df558d0003","4d1025a9b86b410eb2288c8c67be17e1"
"8a80cb816ef2df4b016ef2df558d0003","bd76283ad67a443cb4246b9119ecb42a"
"8a80cb816ef2df4b016ef2df55ee0004","4d1025a9b86b410eb2288c8c67be17e1"
"8a80cb816ef2df4b016ef2df55ee0004","bd76283ad67a443cb4246b9119ecb42a"
"8a80cb816ef2df4b016ef2df56510005","bd76283ad67a443cb4246b9119ecb42a"
"8a80cb816ef2df4b016ef2df56510005","4d1025a9b86b410eb2288c8c67be17e1"
"8a80cb816ef2df4b016ef2df56ba0006","4d1025a9b86b410eb2288c8c67be17e1"
"8a80cb816ef2df4b016ef2df56ba0006","bd76283ad67a443cb4246b9119ecb42a"
"8a80cb816ef2df4b016ef2df571e0007","4d1025a9b86b410eb2288c8c67be17e1"
"8a80cb816ef2df4b016ef2df571e0007","bd76283ad67a443cb4246b9119ecb42a"
"8a80cb816ef2df4b016ef2df57880008","bd76283ad67a443cb4246b9119ecb42a"
"8a80cb816ef2df4b016ef2df57880008","4d1025a9b86b410eb2288c8c67be17e1"
"8a80cb816ef2df4b016ef2df57ea0009","4d1025a9b86b410eb2288c8c67be17e1"
"8a80cb816ef2df4b016ef2df57ea0009","bd76283ad67a443cb4246b9119ecb42a"
"8a80cb816ef2df4b016ef2df5850000a","4d1025a9b86b410eb2288c8c67be17e1"
"8a80cb816ef2df4b016ef2df5850000a","bd76283ad67a443cb4246b9119ecb42a"
"8a80cb816ef2df4b016ef2df58bc000b","4d1025a9b86b410eb2288c8c67be17e1"
"8a80cb816ef2df4b016ef2df58bc000b","bd76283ad67a443cb4246b9119ecb42a"
"8a80cb816ef2df4b016ef2df5927000c","bd76283ad67a443cb4246b9119ecb42a"
"8a80cb816ef2df4b016ef2df5927000c","4d1025a9b86b410eb2288c8c67be17e1"
"8a80cb816ef2df4b016ef2df598f000d","4d1025a9b86b410eb2288c8c67be17e1"
"8a80cb816ef2df4b016ef2df598f000d","bd76283ad67a443cb4246b9119ecb42a"
"8a80cb816ef2df4b016ef2df59f7000e","bd76283ad67a443cb4246b9119ecb42a"
"8a80cb816ef2df4b016ef2df59f7000e","4d1025a9b86b410eb2288c8c67be17e1"
"8a80cb816ef2df4b016ef2df5a5f000f","4d1025a9b86b410eb2288c8c67be17e1"
"8a80cb816ef2df4b016ef2df5a5f000f","bd76283ad67a443cb4246b9119ecb42a"
"8a80cb816ef2df4b016ef2df5ac00010","bd76283ad67a443cb4246b9119ecb42a"
"8a80cb816ef2df4b016ef2df5ac00010","4d1025a9b86b410eb2288c8c67be17e1"
"8a80cb816ef2df4b016ef2df5b1f0011","bd76283ad67a443cb4246b9119ecb42a"
"8a80cb816ef2df4b016ef2df5b1f0011","4d1025a9b86b410eb2288c8c67be17e1"
"8a80cb816ef2df4b016ef2df5b7c0012","4d1025a9b86b410eb2288c8c67be17e1"
"8a80cb816ef2df4b016ef2df5b7c0012","bd76283ad67a443cb4246b9119ecb42a"
"8a80cb816ef2df4b016ef2df5bde0013","bd76283ad67a443cb4246b9119ecb42a"
"8a80cb816ef2df4b016ef2df5bde0013","4d1025a9b86b410eb2288c8c67be17e1"
"8a80cb816ef2df4b016ef2df5c3e0014","bd76283ad67a443cb4246b9119ecb42a"
"8a80cb816ef2df4b016ef2df5c3e0014","4d1025a9b86b410eb2288c8c67be17e1"
"8a80cb816ef2df4b016ef2df5ca70015","bd76283ad67a443cb4246b9119ecb42a"
"8a80cb816ef2df4b016ef2df5ca70015","4d1025a9b86b410eb2288c8c67be17e1"
"8a80cb816ef2df4b016ef2df5d040016","bd76283ad67a443cb4246b9119ecb42a"
"8a80cb816ef2df4b016ef2df5d040016","4d1025a9b86b410eb2288c8c67be17e1"
"8a80cb816ef2df4b016ef2df5d610017","4d1025a9b86b410eb2288c8c67be17e1"
"8a80cb816ef2df4b016ef2df5d610017","bd76283ad67a443cb4246b9119ecb42a"
"8a80cb816ef2df4b016ef2df5dd30018","bd76283ad67a443cb4246b9119ecb42a"
"8a80cb816ef2df4b016ef2df5dd30018","4d1025a9b86b410eb2288c8c67be17e1"
"8a80cb816ef2df4b016ef2df5e2e0019","4d1025a9b86b410eb2288c8c67be17e1"
"8a80cb816ef2df4b016ef2df5e2e0019","bd76283ad67a443cb4246b9119ecb42a"
"8a80cb816ef2df4b016ef2df5e88001a","4d1025a9b86b410eb2288c8c67be17e1"
"8a80cb816ef2df4b016ef2df5e88001a","bd76283ad67a443cb4246b9119ecb42a"
"8a80cb816ef2df4b016ef2df5ef2001b","4d1025a9b86b410eb2288c8c67be17e1"
"8a80cb816ef2df4b016ef2df5ef2001b","bd76283ad67a443cb4246b9119ecb42a"
"8a80cb816ef2df4b016ef2df5f4f001c","bd76283ad67a443cb4246b9119ecb42a"
"8a80cb816ef2df4b016ef2df5f4f001c","4d1025a9b86b410eb2288c8c67be17e1"
"8a80cb816ef2df4b016ef2df5fb0001d","4d1025a9b86b410eb2288c8c67be17e1"
"8a80cb816ef2df4b016ef2df5fb0001d","bd76283ad67a443cb4246b9119ecb42a"
"8a80cb816ef2df4b016ef2df6017001e","4d1025a9b86b410eb2288c8c67be17e1"
"8a80cb816ef2df4b016ef2df6017001e","bd76283ad67a443cb4246b9119ecb42a"
"8a80cb816ef2df4b016ef2df607d001f","bd76283ad67a443cb4246b9119ecb42a"
"8a80cb816ef2df4b016ef2df607d001f","4d1025a9b86b410eb2288c8c67be17e1"
"8a80cb816ef2df4b016ef2df60dd0020","bd76283ad67a443cb4246b9119ecb42a"
"8a80cb816ef2df4b016ef2df60dd0020","4d1025a9b86b410eb2288c8c67be17e1"
"8a80cb816ef2df4b016ef2df613e0021","4d1025a9b86b410eb2288c8c67be17e1"
"8a80cb816ef2df4b016ef2df613e0021","bd76283ad67a443cb4246b9119ecb42a"
"8a80cb816ef2df4b016ef2df61a30022","bd76283ad67a443cb4246b9119ecb42a"
"8a80cb816ef2df4b016ef2df61a30022","4d1025a9b86b410eb2288c8c67be17e1"
"8a80cb816ef2df4b016ef2df62000023","bd76283ad67a443cb4246b9119ecb42a"
"8a80cb816ef2df4b016ef2df62000023","4d1025a9b86b410eb2288c8c67be17e1"
"8a80cb816ef2df4b016ef2df625f0024","bd76283ad67a443cb4246b9119ecb42a"
"8a80cb816ef2df4b016ef2df625f0024","4d1025a9b86b410eb2288c8c67be17e1"
"8a80cb816ef2df4b016ef2df62c80025","4d1025a9b86b410eb2288c8c67be17e1"
"8a80cb816ef2df4b016ef2df62c80025","bd76283ad67a443cb4246b9119ecb42a"
"8a80cb816ef2df4b016ef2df63300026","4d1025a9b86b410eb2288c8c67be17e1"
"8a80cb816ef2df4b016ef2df63300026","bd76283ad67a443cb4246b9119ecb42a"
"8a80cb816ef2df4b016ef2df63a00027","4d1025a9b86b410eb2288c8c67be17e1"
"8a80cb816ef2df4b016ef2df63a00027","bd76283ad67a443cb4246b9119ecb42a"
"8a80cb816ef2df4b016ef2df640d0028","bd76283ad67a443cb4246b9119ecb42a"
"8a80cb816ef2df4b016ef2df640d0028","4d1025a9b86b410eb2288c8c67be17e1"
"8a80cb816ef2df4b016ef2df647f0029","4d1025a9b86b410eb2288c8c67be17e1"
"8a80cb816ef2df4b016ef2df647f0029","bd76283ad67a443cb4246b9119ecb42a"
"8a80cb816ef2df4b016ef2df64e9002a","bd76283ad67a443cb4246b9119ecb42a"
"8a80cb816ef2df4b016ef2df64e9002a","4d1025a9b86b410eb2288c8c67be17e1"
"8a80cb816ef2df4b016ef2df6553002b","4d1025a9b86b410eb2288c8c67be17e1"
"8a80cb816ef2df4b016ef2df6553002b","bd76283ad67a443cb4246b9119ecb42a"
"8a80cb816ef2df4b016ef2df65b4002c","4d1025a9b86b410eb2288c8c67be17e1"
"8a80cb816ef2df4b016ef2df65b4002c","bd76283ad67a443cb4246b9119ecb42a"
"8a80cb816ef2df4b016ef2df661e002d","bd76283ad67a443cb4246b9119ecb42a"
"8a80cb816ef2df4b016ef2df661e002d","4d1025a9b86b410eb2288c8c67be17e1"
"8a80cb816ef2df4b016ef2df6686002e","4d1025a9b86b410eb2288c8c67be17e1"
"8a80cb816ef2df4b016ef2df6686002e","bd76283ad67a443cb4246b9119ecb42a"
"8a80cb816ef2df4b016ef2df66f4002f","bd76283ad67a443cb4246b9119ecb42a"
"8a80cb816ef2df4b016ef2df66f4002f","4d1025a9b86b410eb2288c8c67be17e1"
"8a80cb816ef2df4b016ef2df67570030","4d1025a9b86b410eb2288c8c67be17e1"
"8a80cb816ef2df4b016ef2df67570030","bd76283ad67a443cb4246b9119ecb42a"
"8a80cb816ef2df4b016ef2df67c30031","bd76283ad67a443cb4246b9119ecb42a"
"8a80cb816ef2df4b016ef2df67c30031","4d1025a9b86b410eb2288c8c67be17e1"
"8a80cb816ef2df4b016ef2df68270032","bd76283ad67a443cb4246b9119ecb42a"
"8a80cb816ef2df4b016ef2df68270032","4d1025a9b86b410eb2288c8c67be17e1"
"8a80cb816ef2df4b016ef2df688d0033","4d1025a9b86b410eb2288c8c67be17e1"
"8a80cb816ef2df4b016ef2df688d0033","bd76283ad67a443cb4246b9119ecb42a"
"8a80cb816ef2df4b016ef2df68ef0034","bd76283ad67a443cb4246b9119ecb42a"
"8a80cb816ef2df4b016ef2df68ef0034","4d1025a9b86b410eb2288c8c67be17e1"
"8a80cb816ef2df4b016ef2df69520035","4d1025a9b86b410eb2288c8c67be17e1"
"8a80cb816ef2df4b016ef2df69520035","bd76283ad67a443cb4246b9119ecb42a"
"8a80cb816ef2df4b016ef2df69bb0036","4d1025a9b86b410eb2288c8c67be17e1"
"8a80cb816ef2df4b016ef2df69bb0036","bd76283ad67a443cb4246b9119ecb42a"
"8a80cb816ef2df4b016ef2df6a2a0037","bd76283ad67a443cb4246b9119ecb42a"
"8a80cb816ef2df4b016ef2df6a2a0037","4d1025a9b86b410eb2288c8c67be17e1"
"8a80cb816ef2df4b016ef2df6aa00038","bd76283ad67a443cb4246b9119ecb42a"
"8a80cb816ef2df4b016ef2df6aa00038","4d1025a9b86b410eb2288c8c67be17e1"
"8a80cb816ef2df4b016ef2df6b010039","bd76283ad67a443cb4246b9119ecb42a"
"8a80cb816ef2df4b016ef2df6b010039","4d1025a9b86b410eb2288c8c67be17e1"
"8a80cb816ef2df4b016ef2df6b66003a","bd76283ad67a443cb4246b9119ecb42a"
"8a80cb816ef2df4b016ef2df6b66003a","4d1025a9b86b410eb2288c8c67be17e1"
"8a80cb816ef2df4b016ef2df6bd4003b","4d1025a9b86b410eb2288c8c67be17e1"
"8a80cb816ef2df4b016ef2df6bd4003b","bd76283ad67a443cb4246b9119ecb42a"
"8a80cb816ef2df4b016ef2df6c37003c","4d1025a9b86b410eb2288c8c67be17e1"
"8a80cb816ef2df4b016ef2df6c37003c","bd76283ad67a443cb4246b9119ecb42a"
"8a80cb816ef2df4b016ef2df6ca0003d","bd76283ad67a443cb4246b9119ecb42a"
"8a80cb816ef2df4b016ef2df6ca0003d","4d1025a9b86b410eb2288c8c67be17e1"
"8a80cb816ef2df4b016ef2df6d06003e","bd76283ad67a443cb4246b9119ecb42a"
"8a80cb816ef2df4b016ef2df6d06003e","4d1025a9b86b410eb2288c8c67be17e1"
"8a80cb816ef2df4b016ef2df6d68003f","bd76283ad67a443cb4246b9119ecb42a"
"8a80cb816ef2df4b016ef2df6d68003f","4d1025a9b86b410eb2288c8c67be17e1"
"8a80cb816ef2df4b016ef2df6dcd0040","bd76283ad67a443cb4246b9119ecb42a"
"8a80cb816ef2df4b016ef2df6dcd0040","4d1025a9b86b410eb2288c8c67be17e1"
"8a80cb816ef2df4b016ef2df6e2b0041","4d1025a9b86b410eb2288c8c67be17e1"
"8a80cb816ef2df4b016ef2df6e2b0041","bd76283ad67a443cb4246b9119ecb42a"
"8a80cb816ef2df4b016ef2df6e9e0042","bd76283ad67a443cb4246b9119ecb42a"
"8a80cb816ef2df4b016ef2df6e9e0042","4d1025a9b86b410eb2288c8c67be17e1"
"8a80cb816ef2df4b016ef2df6efe0043","bd76283ad67a443cb4246b9119ecb42a"
"8a80cb816ef2df4b016ef2df6efe0043","4d1025a9b86b410eb2288c8c67be17e1"
"8a80cb816ef2df4b016ef2df6f5d0044","bd76283ad67a443cb4246b9119ecb42a"
"8a80cb816ef2df4b016ef2df6f5d0044","4d1025a9b86b410eb2288c8c67be17e1"
"8a80cb816ef2df4b016ef2df6fc30045","bd76283ad67a443cb4246b9119ecb42a"
"8a80cb816ef2df4b016ef2df6fc30045","4d1025a9b86b410eb2288c8c67be17e1"
"8a80cb816ef2df4b016ef2df702b0046","bd76283ad67a443cb4246b9119ecb42a"
"8a80cb816ef2df4b016ef2df702b0046","4d1025a9b86b410eb2288c8c67be17e1"
"8a80cb816ef2df4b016ef2df70960047","4d1025a9b86b410eb2288c8c67be17e1"
"8a80cb816ef2df4b016ef2df70960047","bd76283ad67a443cb4246b9119ecb42a"
"8a80cb816ef2df4b016ef2df71010048","4d1025a9b86b410eb2288c8c67be17e1"
"8a80cb816ef2df4b016ef2df71010048","bd76283ad67a443cb4246b9119ecb42a"
"8a80cb816ef2df4b016ef2df71670049","4d1025a9b86b410eb2288c8c67be17e1"
"8a80cb816ef2df4b016ef2df71670049","bd76283ad67a443cb4246b9119ecb42a"
"8a80cb816ef2df4b016ef2df71ea004a","4d1025a9b86b410eb2288c8c67be17e1"
"8a80cb816ef2df4b016ef2df71ea004a","bd76283ad67a443cb4246b9119ecb42a"
"8a80cb816ef2df4b016ef2df725a004b","4d1025a9b86b410eb2288c8c67be17e1"
"8a80cb816ef2df4b016ef2df725a004b","bd76283ad67a443cb4246b9119ecb42a"
"8a80cb816ef2df4b016ef2df72cd004c","bd76283ad67a443cb4246b9119ecb42a"
"8a80cb816ef2df4b016ef2df72cd004c","4d1025a9b86b410eb2288c8c67be17e1"
"8a80cb816ef2df4b016ef2df7334004d","bd76283ad67a443cb4246b9119ecb42a"
"8a80cb816ef2df4b016ef2df7334004d","4d1025a9b86b410eb2288c8c67be17e1"
"8a80cb816ef2df4b016ef2df7399004e","bd76283ad67a443cb4246b9119ecb42a"
"8a80cb816ef2df4b016ef2df7399004e","4d1025a9b86b410eb2288c8c67be17e1"
"8a80cb816ef2df4b016ef2df7406004f","4d1025a9b86b410eb2288c8c67be17e1"
"8a80cb816ef2df4b016ef2df7406004f","bd76283ad67a443cb4246b9119ecb42a"
"8a80cb816ef2df4b016ef2df746f0050","bd76283ad67a443cb4246b9119ecb42a"
"8a80cb816ef2df4b016ef2df746f0050","4d1025a9b86b410eb2288c8c67be17e1"
"8a80cb816ef2df4b016ef2df74cd0051","4d1025a9b86b410eb2288c8c67be17e1"
"8a80cb816ef2df4b016ef2df74cd0051","bd76283ad67a443cb4246b9119ecb42a"
"8a80cb816ef2df4b016ef2df75310052","4d1025a9b86b410eb2288c8c67be17e1"
"8a80cb816ef2df4b016ef2df75310052","bd76283ad67a443cb4246b9119ecb42a"
"8a80cb816ef2df4b016ef2df758f0053","4d1025a9b86b410eb2288c8c67be17e1"
"8a80cb816ef2df4b016ef2df758f0053","bd76283ad67a443cb4246b9119ecb42a"
"8a80cb816ef2df4b016ef2df75f00054","4d1025a9b86b410eb2288c8c67be17e1"
"8a80cb816ef2df4b016ef2df75f00054","bd76283ad67a443cb4246b9119ecb42a"
"8a80cb816ef2df4b016ef2df764d0055","4d1025a9b86b410eb2288c8c67be17e1"
"8a80cb816ef2df4b016ef2df764d0055","bd76283ad67a443cb4246b9119ecb42a"
"8a80cb816ef2df4b016ef2df76aa0056","4d1025a9b86b410eb2288c8c67be17e1"
"8a80cb816ef2df4b016ef2df76aa0056","bd76283ad67a443cb4246b9119ecb42a"
"8a80cb816ef2df4b016ef2df770b0057","bd76283ad67a443cb4246b9119ecb42a"
"8a80cb816ef2df4b016ef2df770b0057","4d1025a9b86b410eb2288c8c67be17e1"
"8a80cb816ef2df4b016ef2df77680058","4d1025a9b86b410eb2288c8c67be17e1"
"8a80cb816ef2df4b016ef2df77680058","bd76283ad67a443cb4246b9119ecb42a"
"8a80cb816ef2df4b016ef2df77ca0059","bd76283ad67a443cb4246b9119ecb42a"
"8a80cb816ef2df4b016ef2df77ca0059","4d1025a9b86b410eb2288c8c67be17e1"
"8a80cb816ef2df4b016ef2df782a005a","4d1025a9b86b410eb2288c8c67be17e1"
"8a80cb816ef2df4b016ef2df782a005a","bd76283ad67a443cb4246b9119ecb42a"
"8a80cb816ef2df4b016ef2df789f005b","4d1025a9b86b410eb2288c8c67be17e1"
"8a80cb816ef2df4b016ef2df789f005b","bd76283ad67a443cb4246b9119ecb42a"
"8a80cb816ef2df4b016ef2df7901005c","4d1025a9b86b410eb2288c8c67be17e1"
"8a80cb816ef2df4b016ef2df7901005c","bd76283ad67a443cb4246b9119ecb42a"
"8a80cb816ef2df4b016ef2df7962005d","4d1025a9b86b410eb2288c8c67be17e1"
"8a80cb816ef2df4b016ef2df7962005d","bd76283ad67a443cb4246b9119ecb42a"
"8a80cb816ef2df4b016ef2df79c8005e","bd76283ad67a443cb4246b9119ecb42a"
"8a80cb816ef2df4b016ef2df79c8005e","4d1025a9b86b410eb2288c8c67be17e1"
"8a80cb816ef2df4b016ef2df7a27005f","4d1025a9b86b410eb2288c8c67be17e1"
"8a80cb816ef2df4b016ef2df7a27005f","bd76283ad67a443cb4246b9119ecb42a"
"8a80cb816ef2df4b016ef2df7a8b0060","bd76283ad67a443cb4246b9119ecb42a"
"8a80cb816ef2df4b016ef2df7a8b0060","4d1025a9b86b410eb2288c8c67be17e1"
"8a80cb816ef2df4b016ef2df7ae50061","4d1025a9b86b410eb2288c8c67be17e1"
"8a80cb816ef2df4b016ef2df7ae50061","bd76283ad67a443cb4246b9119ecb42a"
"8a80cb816ef2df4b016ef2df7b470062","bd76283ad67a443cb4246b9119ecb42a"
"8a80cb816ef2df4b016ef2df7b470062","4d1025a9b86b410eb2288c8c67be17e1"
"8a80cb816ef2df4b016ef2df7bb50063","4d1025a9b86b410eb2288c8c67be17e1"
"8a80cb816ef2df4b016ef2df7bb50063","bd76283ad67a443cb4246b9119ecb42a"
"8a80cb816ef2df4b016ef2df7c270064","bd76283ad67a443cb4246b9119ecb42a"
"8a80cb816ef2df4b016ef2df7c270064","4d1025a9b86b410eb2288c8c67be17e1"
"8a80cb816ef2df4b016ef2df7c9b0065","bd76283ad67a443cb4246b9119ecb42a"
"8a80cb816ef2df4b016ef2df7c9b0065","4d1025a9b86b410eb2288c8c67be17e1"
"8a80cb816ef2df4b016ef2df7d060066","bd76283ad67a443cb4246b9119ecb42a"
"8a80cb816ef2df4b016ef2df7d060066","4d1025a9b86b410eb2288c8c67be17e1"
"8a80cb816ef2df4b016ef2df7d6b0067","4d1025a9b86b410eb2288c8c67be17e1"
"8a80cb816ef2df4b016ef2df7d6b0067","bd76283ad67a443cb4246b9119ecb42a"
"8a80cb816ef2df4b016ef2df7dde0068","4d1025a9b86b410eb2288c8c67be17e1"
"8a80cb816ef2df4b016ef2df7dde0068","bd76283ad67a443cb4246b9119ecb42a"
"8a80cb816ef2df4b016ef2df7e3e0069","4d1025a9b86b410eb2288c8c67be17e1"
"8a80cb816ef2df4b016ef2df7e3e0069","bd76283ad67a443cb4246b9119ecb42a"
"8a80cb816ef2df4b016ef2df7ea4006a","4d1025a9b86b410eb2288c8c67be17e1"
"8a80cb816ef2df4b016ef2df7ea4006a","bd76283ad67a443cb4246b9119ecb42a"
"8a80cb816ef2df4b016ef2df7f03006b","bd76283ad67a443cb4246b9119ecb42a"
"8a80cb816ef2df4b016ef2df7f03006b","4d1025a9b86b410eb2288c8c67be17e1"
"8a80cb816ef2df4b016ef2df7f6a006c","4d1025a9b86b410eb2288c8c67be17e1"
"8a80cb816ef2df4b016ef2df7f6a006c","bd76283ad67a443cb4246b9119ecb42a"
"8a80cb816ef2df4b016ef2df7fd9006d","bd76283ad67a443cb4246b9119ecb42a"
"8a80cb816ef2df4b016ef2df7fd9006d","4d1025a9b86b410eb2288c8c67be17e1"
"8a80cb816ef2df4b016ef2df803a006e","bd76283ad67a443cb4246b9119ecb42a"
"8a80cb816ef2df4b016ef2df803a006e","4d1025a9b86b410eb2288c8c67be17e1"
"8a80cb816ef2df4b016ef2df809f006f","bd76283ad67a443cb4246b9119ecb42a"
"8a80cb816ef2df4b016ef2df809f006f","4d1025a9b86b410eb2288c8c67be17e1"
"8a80cb816ef2df4b016ef2df80fc0070","bd76283ad67a443cb4246b9119ecb42a"
"8a80cb816ef2df4b016ef2df80fc0070","4d1025a9b86b410eb2288c8c67be17e1"
"8a80cb816ef2df4b016ef2df816f0071","bd76283ad67a443cb4246b9119ecb42a"
"8a80cb816ef2df4b016ef2df816f0071","4d1025a9b86b410eb2288c8c67be17e1"
"8a80cb816ef2df4b016ef2df81e10072","bd76283ad67a443cb4246b9119ecb42a"
"8a80cb816ef2df4b016ef2df81e10072","4d1025a9b86b410eb2288c8c67be17e1"
"8a80cb816ef2df4b016ef2df82490073","4d1025a9b86b410eb2288c8c67be17e1"
"8a80cb816ef2df4b016ef2df82490073","bd76283ad67a443cb4246b9119ecb42a"
"8a80cb816ef2df4b016ef2df82b30074","bd76283ad67a443cb4246b9119ecb42a"
"8a80cb816ef2df4b016ef2df82b30074","4d1025a9b86b410eb2288c8c67be17e1"
"8a80cb816ef2df4b016ef2df831b0075","bd76283ad67a443cb4246b9119ecb42a"
"8a80cb816ef2df4b016ef2df831b0075","4d1025a9b86b410eb2288c8c67be17e1"
"8a80cb816ef2df4b016ef2df838b0076","4d1025a9b86b410eb2288c8c67be17e1"
"8a80cb816ef2df4b016ef2df838b0076","bd76283ad67a443cb4246b9119ecb42a"
"8a80cb816ef2df4b016ef2df83ea0077","bd76283ad67a443cb4246b9119ecb42a"
"8a80cb816ef2df4b016ef2df83ea0077","4d1025a9b86b410eb2288c8c67be17e1"
"8a80cb816ef2df4b016ef2df84490078","4d1025a9b86b410eb2288c8c67be17e1"
"8a80cb816ef2df4b016ef2df84490078","bd76283ad67a443cb4246b9119ecb42a"
"8a80cb816ef2df4b016ef2df84aa0079","bd76283ad67a443cb4246b9119ecb42a"
"8a80cb816ef2df4b016ef2df84aa0079","4d1025a9b86b410eb2288c8c67be17e1"
"8a80cb816ef2df4b016ef2df8510007a","bd76283ad67a443cb4246b9119ecb42a"
"8a80cb816ef2df4b016ef2df8510007a","4d1025a9b86b410eb2288c8c67be17e1"
"8a80cb816ef2df4b016ef2df856e007b","bd76283ad67a443cb4246b9119ecb42a"
"8a80cb816ef2df4b016ef2df856e007b","4d1025a9b86b410eb2288c8c67be17e1"
"8a80cb816ef2df4b016ef2df85c9007c","4d1025a9b86b410eb2288c8c67be17e1"
"8a80cb816ef2df4b016ef2df85c9007c","bd76283ad67a443cb4246b9119ecb42a"
"8a80cb816ef2df4b016ef2df8624007d","bd76283ad67a443cb4246b9119ecb42a"
"8a80cb816ef2df4b016ef2df8624007d","4d1025a9b86b410eb2288c8c67be17e1"
"8a80cb816ef2df4b016ef2df8684007e","bd76283ad67a443cb4246b9119ecb42a"
"8a80cb816ef2df4b016ef2df8684007e","4d1025a9b86b410eb2288c8c67be17e1"
"8a80cb816ef2df4b016ef2df86e7007f","4d1025a9b86b410eb2288c8c67be17e1"
"8a80cb816ef2df4b016ef2df86e7007f","bd76283ad67a443cb4246b9119ecb42a"
"8a80cb816ef2df4b016ef2df87500080","bd76283ad67a443cb4246b9119ecb42a"
"8a80cb816ef2df4b016ef2df87500080","4d1025a9b86b410eb2288c8c67be17e1"
"8a80cb816ef2df4b016ef2df87b00081","bd76283ad67a443cb4246b9119ecb42a"
"8a80cb816ef2df4b016ef2df87b00081","4d1025a9b86b410eb2288c8c67be17e1"
"8a80cb816ef2df4b016ef2df880b0082","4d1025a9b86b410eb2288c8c67be17e1"
"8a80cb816ef2df4b016ef2df880b0082","bd76283ad67a443cb4246b9119ecb42a"
"8a80cb816ef2df4b016ef2df88670083","4d1025a9b86b410eb2288c8c67be17e1"
"8a80cb816ef2df4b016ef2df88670083","bd76283ad67a443cb4246b9119ecb42a"
"8a80cb816ef2df4b016ef2df88d00084","4d1025a9b86b410eb2288c8c67be17e1"
"8a80cb816ef2df4b016ef2df88d00084","bd76283ad67a443cb4246b9119ecb42a"
"8a80cb816ef2df4b016ef2df89290085","bd76283ad67a443cb4246b9119ecb42a"
"8a80cb816ef2df4b016ef2df89290085","4d1025a9b86b410eb2288c8c67be17e1"
"8a80cb816ef2df4b016ef2df89820086","4d1025a9b86b410eb2288c8c67be17e1"
"8a80cb816ef2df4b016ef2df89820086","bd76283ad67a443cb4246b9119ecb42a"
"8a80cb816ef2df4b016ef2df89db0087","bd76283ad67a443cb4246b9119ecb42a"
"8a80cb816ef2df4b016ef2df89db0087","4d1025a9b86b410eb2288c8c67be17e1"
"8a80cb816ef2df4b016ef2df8a390088","4d1025a9b86b410eb2288c8c67be17e1"
"8a80cb816ef2df4b016ef2df8a390088","bd76283ad67a443cb4246b9119ecb42a"
"8a80cb816ef2df4b016ef2df8a940089","bd76283ad67a443cb4246b9119ecb42a"
"8a80cb816ef2df4b016ef2df8a940089","4d1025a9b86b410eb2288c8c67be17e1"
"8a80cb816ef2df4b016ef2df8af4008a","bd76283ad67a443cb4246b9119ecb42a"
"8a80cb816ef2df4b016ef2df8af4008a","4d1025a9b86b410eb2288c8c67be17e1"
"8a80cb816ef2df4b016ef2df8b57008b","bd76283ad67a443cb4246b9119ecb42a"
"8a80cb816ef2df4b016ef2df8b57008b","4d1025a9b86b410eb2288c8c67be17e1"
"8a80cb816ef2df4b016ef2df8bb8008c","bd76283ad67a443cb4246b9119ecb42a"
"8a80cb816ef2df4b016ef2df8bb8008c","4d1025a9b86b410eb2288c8c67be17e1"
"8a80cb816ef2df4b016ef2df8c19008d","4d1025a9b86b410eb2288c8c67be17e1"
"8a80cb816ef2df4b016ef2df8c19008d","bd76283ad67a443cb4246b9119ecb42a"
"8a80cb816ef2df4b016ef2df8fcc008e","bd76283ad67a443cb4246b9119ecb42a"
"8a80cb816ef2df4b016ef2df8fcc008e","4d1025a9b86b410eb2288c8c67be17e1"
"8a80cb816ef2df4b016ef2df9031008f","bd76283ad67a443cb4246b9119ecb42a"
"8a80cb816ef2df4b016ef2df9031008f","4d1025a9b86b410eb2288c8c67be17e1"
"8a80cb816ef2df4b016ef2df909d0090","bd76283ad67a443cb4246b9119ecb42a"
"8a80cb816ef2df4b016ef2df909d0090","4d1025a9b86b410eb2288c8c67be17e1"
"8a80cb816ef2df4b016ef2df91140091","4d1025a9b86b410eb2288c8c67be17e1"
"8a80cb816ef2df4b016ef2df91140091","bd76283ad67a443cb4246b9119ecb42a"
"8a80cb816ef2df4b016ef2df917a0092","4d1025a9b86b410eb2288c8c67be17e1"
"8a80cb816ef2df4b016ef2df917a0092","bd76283ad67a443cb4246b9119ecb42a"
"8a80cb816ef2df4b016ef2df91df0093","bd76283ad67a443cb4246b9119ecb42a"
"8a80cb816ef2df4b016ef2df91df0093","4d1025a9b86b410eb2288c8c67be17e1"
"8a80cb816ef2df4b016ef2df92510094","4d1025a9b86b410eb2288c8c67be17e1"
"8a80cb816ef2df4b016ef2df92510094","bd76283ad67a443cb4246b9119ecb42a"
"8a80cb816ef2df4b016ef2df92bf0095","bd76283ad67a443cb4246b9119ecb42a"
"8a80cb816ef2df4b016ef2df92bf0095","4d1025a9b86b410eb2288c8c67be17e1"
"8a80cb816ef2df4b016ef2df93270096","bd76283ad67a443cb4246b9119ecb42a"
"8a80cb816ef2df4b016ef2df93270096","4d1025a9b86b410eb2288c8c67be17e1"
"8a80cb816ef2df4b016ef2df93840097","bd76283ad67a443cb4246b9119ecb42a"
"8a80cb816ef2df4b016ef2df93840097","4d1025a9b86b410eb2288c8c67be17e1"
"8a80cb816ef2df4b016ef2df93df0098","4d1025a9b86b410eb2288c8c67be17e1"
"8a80cb816ef2df4b016ef2df93df0098","bd76283ad67a443cb4246b9119ecb42a"
"8a80cb816ef2df4b016ef2df943b0099","bd76283ad67a443cb4246b9119ecb42a"
"8a80cb816ef2df4b016ef2df943b0099","4d1025a9b86b410eb2288c8c67be17e1"
"8a80cb816ef2df4b016ef2df9496009a","bd76283ad67a443cb4246b9119ecb42a"
"8a80cb816ef2df4b016ef2df9496009a","4d1025a9b86b410eb2288c8c67be17e1"
"8a80cb816ef2df4b016ef2df94fc009b","bd76283ad67a443cb4246b9119ecb42a"
"8a80cb816ef2df4b016ef2df94fc009b","4d1025a9b86b410eb2288c8c67be17e1"
"8a80cb816ef2df4b016ef2df955f009c","4d1025a9b86b410eb2288c8c67be17e1"
"8a80cb816ef2df4b016ef2df955f009c","bd76283ad67a443cb4246b9119ecb42a"
"8a80cb816ef2df4b016ef2df95c2009d","4d1025a9b86b410eb2288c8c67be17e1"
"8a80cb816ef2df4b016ef2df95c2009d","bd76283ad67a443cb4246b9119ecb42a"
"8a80cb816ef2df4b016ef2df9625009e","4d1025a9b86b410eb2288c8c67be17e1"
"8a80cb816ef2df4b016ef2df9625009e","bd76283ad67a443cb4246b9119ecb42a"
"8a80cb816ef2df4b016ef2df967e009f","4d1025a9b86b410eb2288c8c67be17e1"
"8a80cb816ef2df4b016ef2df967e009f","bd76283ad67a443cb4246b9119ecb42a"
"8a80cb816ef2df4b016ef2df96e300a0","bd76283ad67a443cb4246b9119ecb42a"
"8a80cb816ef2df4b016ef2df96e300a0","4d1025a9b86b410eb2288c8c67be17e1"
"8a80cb816ef2df4b016ef2df974400a1","4d1025a9b86b410eb2288c8c67be17e1"
"8a80cb816ef2df4b016ef2df974400a1","bd76283ad67a443cb4246b9119ecb42a"
"8a80cb816ef2df4b016ef2df979f00a2","bd76283ad67a443cb4246b9119ecb42a"
"8a80cb816ef2df4b016ef2df979f00a2","4d1025a9b86b410eb2288c8c67be17e1"
"8a80cb816ef2df4b016ef2df97fc00a3","bd76283ad67a443cb4246b9119ecb42a"
"8a80cb816ef2df4b016ef2df97fc00a3","4d1025a9b86b410eb2288c8c67be17e1"
"8a80cb816ef2df4b016ef2df985a00a4","bd76283ad67a443cb4246b9119ecb42a"
"8a80cb816ef2df4b016ef2df985a00a4","4d1025a9b86b410eb2288c8c67be17e1"
"8a80cb816ef2df4b016ef2df98b400a5","bd76283ad67a443cb4246b9119ecb42a"
"8a80cb816ef2df4b016ef2df98b400a5","4d1025a9b86b410eb2288c8c67be17e1"
"8a80cb816ef2df4b016ef2df991000a6","bd76283ad67a443cb4246b9119ecb42a"
"8a80cb816ef2df4b016ef2df991000a6","4d1025a9b86b410eb2288c8c67be17e1"
"8a80cb816ef2df4b016ef2df996f00a7","4d1025a9b86b410eb2288c8c67be17e1"
"8a80cb816ef2df4b016ef2df996f00a7","bd76283ad67a443cb4246b9119ecb42a"
"8a80cb816ef2df4b016ef2df99ca00a8","bd76283ad67a443cb4246b9119ecb42a"
"8a80cb816ef2df4b016ef2df99ca00a8","4d1025a9b86b410eb2288c8c67be17e1"
"8a80cb816ef2df4b016ef2df9a2b00a9","bd76283ad67a443cb4246b9119ecb42a"
"8a80cb816ef2df4b016ef2df9a2b00a9","4d1025a9b86b410eb2288c8c67be17e1"
"8a80cb816ef2df4b016ef2df9a9c00aa","4d1025a9b86b410eb2288c8c67be17e1"
"8a80cb816ef2df4b016ef2df9a9c00aa","bd76283ad67a443cb4246b9119ecb42a"
"8a80cb816ef2df4b016ef2df9afe00ab","4d1025a9b86b410eb2288c8c67be17e1"
"8a80cb816ef2df4b016ef2df9afe00ab","bd76283ad67a443cb4246b9119ecb42a"
"8a80cb816ef2df4b016ef2df9b5d00ac","4d1025a9b86b410eb2288c8c67be17e1"
"8a80cb816ef2df4b016ef2df9b5d00ac","bd76283ad67a443cb4246b9119ecb42a"
"8a80cb816ef2df4b016ef2df9bc000ad","bd76283ad67a443cb4246b9119ecb42a"
"8a80cb816ef2df4b016ef2df9bc000ad","4d1025a9b86b410eb2288c8c67be17e1"
"8a80cb816ef2df4b016ef2df9c1d00ae","bd76283ad67a443cb4246b9119ecb42a"
"8a80cb816ef2df4b016ef2df9c1d00ae","4d1025a9b86b410eb2288c8c67be17e1"
"8a80cb816ef2df4b016ef2df9c7b00af","4d1025a9b86b410eb2288c8c67be17e1"
"8a80cb816ef2df4b016ef2df9c7b00af","bd76283ad67a443cb4246b9119ecb42a"
"8a80cb816ef2df4b016ef2df9cd600b0","4d1025a9b86b410eb2288c8c67be17e1"
"8a80cb816ef2df4b016ef2df9cd600b0","bd76283ad67a443cb4246b9119ecb42a"
"8a80cb816ef2df4b016ef2df9d3100b1","4d1025a9b86b410eb2288c8c67be17e1"
"8a80cb816ef2df4b016ef2df9d3100b1","bd76283ad67a443cb4246b9119ecb42a"
"8a80cb816ef2df4b016ef2df9d8f00b2","4d1025a9b86b410eb2288c8c67be17e1"
"8a80cb816ef2df4b016ef2df9d8f00b2","bd76283ad67a443cb4246b9119ecb42a"
"8a80cb816ef2df4b016ef2df9de900b3","bd76283ad67a443cb4246b9119ecb42a"
"8a80cb816ef2df4b016ef2df9de900b3","4d1025a9b86b410eb2288c8c67be17e1"
"8a80cb816ef2df4b016ef2df9e4200b4","bd76283ad67a443cb4246b9119ecb42a"
"8a80cb816ef2df4b016ef2df9e4200b4","4d1025a9b86b410eb2288c8c67be17e1"
"8a80cb816ef2df4b016ef2df9ea400b5","bd76283ad67a443cb4246b9119ecb42a"
"8a80cb816ef2df4b016ef2df9ea400b5","4d1025a9b86b410eb2288c8c67be17e1"
"8a80cb816ef2df4b016ef2df9f0000b6","bd76283ad67a443cb4246b9119ecb42a"
"8a80cb816ef2df4b016ef2df9f0000b6","4d1025a9b86b410eb2288c8c67be17e1"
"8a80cb816ef2df4b016ef2df9f5b00b7","bd76283ad67a443cb4246b9119ecb42a"
"8a80cb816ef2df4b016ef2df9f5b00b7","4d1025a9b86b410eb2288c8c67be17e1"
"8a80cb816ef2df4b016ef2df9fbc00b8","4d1025a9b86b410eb2288c8c67be17e1"
"8a80cb816ef2df4b016ef2df9fbc00b8","bd76283ad67a443cb4246b9119ecb42a"
"8a80cb816ef2df4b016ef2dfa01700b9","bd76283ad67a443cb4246b9119ecb42a"
"8a80cb816ef2df4b016ef2dfa01700b9","4d1025a9b86b410eb2288c8c67be17e1"
"8a80cb816ef2df4b016ef2dfa07600ba","4d1025a9b86b410eb2288c8c67be17e1"
"8a80cb816ef2df4b016ef2dfa07600ba","bd76283ad67a443cb4246b9119ecb42a"
"8a80cb816ef2df4b016ef2dfa0d200bb","4d1025a9b86b410eb2288c8c67be17e1"
"8a80cb816ef2df4b016ef2dfa0d200bb","bd76283ad67a443cb4246b9119ecb42a"
"8a80cb816ef2df4b016ef2dfa13500bc","bd76283ad67a443cb4246b9119ecb42a"
"8a80cb816ef2df4b016ef2dfa13500bc","4d1025a9b86b410eb2288c8c67be17e1"
"8a80cb816ef2df4b016ef2dfa19900bd","4d1025a9b86b410eb2288c8c67be17e1"
"8a80cb816ef2df4b016ef2dfa19900bd","bd76283ad67a443cb4246b9119ecb42a"
"8a80cb816ef2df4b016ef2dfa1fc00be","4d1025a9b86b410eb2288c8c67be17e1"
"8a80cb816ef2df4b016ef2dfa1fc00be","bd76283ad67a443cb4246b9119ecb42a"
"8a80cb816ef2df4b016ef2dfa25900bf","bd76283ad67a443cb4246b9119ecb42a"
"8a80cb816ef2df4b016ef2dfa25900bf","4d1025a9b86b410eb2288c8c67be17e1"
"8a80cb816ef2df4b016ef2dfa2ba00c0","4d1025a9b86b410eb2288c8c67be17e1"
"8a80cb816ef2df4b016ef2dfa2ba00c0","bd76283ad67a443cb4246b9119ecb42a"
"8a80cb816ef2df4b016ef2dfa31800c1","bd76283ad67a443cb4246b9119ecb42a"
"8a80cb816ef2df4b016ef2dfa31800c1","4d1025a9b86b410eb2288c8c67be17e1"
"8a80cb816ef2df4b016ef2dfa37400c2","bd76283ad67a443cb4246b9119ecb42a"
"8a80cb816ef2df4b016ef2dfa37400c2","4d1025a9b86b410eb2288c8c67be17e1"
"8a80cb816ef2df4b016ef2dfa3cf00c3","bd76283ad67a443cb4246b9119ecb42a"
"8a80cb816ef2df4b016ef2dfa3cf00c3","4d1025a9b86b410eb2288c8c67be17e1"
"8a80cb816ef2df4b016ef2dfa42c00c4","4d1025a9b86b410eb2288c8c67be17e1"
"8a80cb816ef2df4b016ef2dfa42c00c4","bd76283ad67a443cb4246b9119ecb42a"
"8a80cb816ef2df4b016ef2dfa48600c5","bd76283ad67a443cb4246b9119ecb42a"
"8a80cb816ef2df4b016ef2dfa48600c5","4d1025a9b86b410eb2288c8c67be17e1"
"8a80cb816ef2df4b016ef2dfa4df00c6","4d1025a9b86b410eb2288c8c67be17e1"
"8a80cb816ef2df4b016ef2dfa4df00c6","bd76283ad67a443cb4246b9119ecb42a"
"8a80cb816ef2df4b016ef2dfa53b00c7","bd76283ad67a443cb4246b9119ecb42a"
"8a80cb816ef2df4b016ef2dfa53b00c7","4d1025a9b86b410eb2288c8c67be17e1"
